Branch,Month,total_sales
A,1,38681.1285
A,2,29860.120500000005
A,3,37659.12150000001
B,1,37176.058500000014
B,2,34424.27099999999
B,3,34597.3425
C,1,40434.68099999999
C,2,32934.982500000006
C,3,37199.043
