Day_of_Week,Total_Sales
Monday,56758.663499999944
Thursday,47825.24250000002
Sunday,46254.44250000001
Friday,46106.665499999996
Wednesday,44292.40200000001
Tuesday,40947.742499999986
Saturday,40781.590500000006
