Month,Gender,Total_Sales
1,Female,59138.98200000001
1,Male,57152.88599999999
2,Female,56335.55549999999
2,Male,40883.81849999999
3,Female,52408.387500000004
3,Male,57047.11949999997
